task_key,user_id,workload_type
user-0-chameleon-0,user-0,chameleon
user-1-linpack-1,user-1,linpack
user-0-floatoperation-2,user-0,floatoperation
user-3-chameleon-3,user-3,chameleon
user-0-linpack-4,user-0,linpack
user-4-chameleon-5,user-4,chameleon
user-1-imageprocessing-6,user-1,imageprocessing
user-3-matmul-7,user-3,matmul
user-1-imageprocessing-8,user-1,imageprocessing
user-2-jsondumpsloads-9,user-2,jsondumpsloads
user-2-floatoperation-10,user-2,floatoperation
user-3-floatoperation-11,user-3,floatoperation
user-2-matmul-12,user-2,matmul
user-3-floatoperation-13,user-3,floatoperation
user-0-matmul-14,user-0,matmul
user-4-linpack-15,user-4,linpack
user-0-linpack-16,user-0,linpack
user-0-linpack-17,user-0,linpack
user-3-matmul-18,user-3,matmul
user-2-jsondumpsloads-19,user-2,jsondumpsloads
user-2-linpack-20,user-2,linpack
user-0-jsondumpsloads-21,user-0,jsondumpsloads
user-1-jsondumpsloads-22,user-1,jsondumpsloads
user-3-matmul-23,user-3,matmul
user-1-pyaes-24,user-1,pyaes
user-1-chameleon-25,user-1,chameleon
user-3-matmul-26,user-3,matmul
user-1-pyaes-27,user-1,pyaes
user-3-imageprocessing-28,user-3,imageprocessing
user-1-matmul-29,user-1,matmul
user-1-matmul-30,user-1,matmul
user-3-imageprocessing-31,user-3,imageprocessing
user-1-jsondumpsloads-32,user-1,jsondumpsloads
user-3-floatoperation-33,user-3,floatoperation
user-0-jsondumpsloads-34,user-0,jsondumpsloads
user-3-floatoperation-35,user-3,floatoperation
user-3-startup-36,user-3,startup
user-2-chameleon-37,user-2,chameleon
user-4-matmul-38,user-4,matmul
user-0-matmul-39,user-0,matmul
user-1-startup-40,user-1,startup
user-2-jsondumpsloads-41,user-2,jsondumpsloads
user-0-matmul-42,user-0,matmul
user-4-linpack-43,user-4,linpack
user-2-jsondumpsloads-44,user-2,jsondumpsloads
user-4-chameleon-45,user-4,chameleon
user-2-startup-46,user-2,startup
user-0-pyaes-47,user-0,pyaes
user-1-chameleon-48,user-1,chameleon
user-4-floatoperation-49,user-4,floatoperation
user-3-floatoperation-50,user-3,floatoperation
user-1-jsondumpsloads-51,user-1,jsondumpsloads
user-4-jsondumpsloads-52,user-4,jsondumpsloads
user-4-imageprocessing-53,user-4,imageprocessing
user-4-linpack-54,user-4,linpack
user-3-pyaes-55,user-3,pyaes
user-4-startup-56,user-4,startup
user-1-linpack-57,user-1,linpack
user-2-chameleon-58,user-2,chameleon
user-4-linpack-59,user-4,linpack
user-1-chameleon-60,user-1,chameleon
user-0-linpack-61,user-0,linpack
user-0-pyaes-62,user-0,pyaes
user-4-linpack-63,user-4,linpack
user-3-linpack-64,user-3,linpack
user-1-startup-65,user-1,startup
user-3-imageprocessing-66,user-3,imageprocessing
user-0-floatoperation-67,user-0,floatoperation
user-2-imageprocessing-68,user-2,imageprocessing
user-3-chameleon-69,user-3,chameleon
user-0-imageprocessing-70,user-0,imageprocessing
user-0-linpack-71,user-0,linpack
user-1-startup-72,user-1,startup
user-3-jsondumpsloads-73,user-3,jsondumpsloads
user-3-linpack-74,user-3,linpack
user-3-floatoperation-75,user-3,floatoperation
user-4-chameleon-76,user-4,chameleon
user-1-jsondumpsloads-77,user-1,jsondumpsloads
user-3-startup-78,user-3,startup
user-3-chameleon-79,user-3,chameleon
user-3-chameleon-80,user-3,chameleon
user-2-startup-81,user-2,startup
user-3-startup-82,user-3,startup
user-1-matmul-83,user-1,matmul
user-0-chameleon-84,user-0,chameleon
user-0-chameleon-85,user-0,chameleon
user-3-jsondumpsloads-86,user-3,jsondumpsloads
user-4-floatoperation-87,user-4,floatoperation
user-0-floatoperation-88,user-0,floatoperation
user-3-floatoperation-89,user-3,floatoperation
user-1-chameleon-90,user-1,chameleon
user-3-pyaes-91,user-3,pyaes
user-1-pyaes-92,user-1,pyaes
user-2-imageprocessing-93,user-2,imageprocessing
user-2-startup-94,user-2,startup
user-0-chameleon-95,user-0,chameleon
user-4-floatoperation-96,user-4,floatoperation
user-4-linpack-97,user-4,linpack
user-2-jsondumpsloads-98,user-2,jsondumpsloads
user-0-linpack-99,user-0,linpack
user-2-jsondumpsloads-100,user-2,jsondumpsloads
user-4-matmul-101,user-4,matmul
user-0-matmul-102,user-0,matmul
user-1-matmul-103,user-1,matmul
user-0-jsondumpsloads-104,user-0,jsondumpsloads
user-2-linpack-105,user-2,linpack
user-1-matmul-106,user-1,matmul
user-3-matmul-107,user-3,matmul
user-0-imageprocessing-108,user-0,imageprocessing
user-0-chameleon-109,user-0,chameleon
user-1-matmul-110,user-1,matmul
user-3-imageprocessing-111,user-3,imageprocessing
user-0-floatoperation-112,user-0,floatoperation
user-1-chameleon-113,user-1,chameleon
user-4-jsondumpsloads-114,user-4,jsondumpsloads
user-1-chameleon-115,user-1,chameleon
user-2-chameleon-116,user-2,chameleon
user-1-linpack-117,user-1,linpack
user-2-imageprocessing-118,user-2,imageprocessing
user-1-jsondumpsloads-119,user-1,jsondumpsloads
user-3-chameleon-120,user-3,chameleon
user-2-imageprocessing-121,user-2,imageprocessing
user-2-jsondumpsloads-122,user-2,jsondumpsloads
user-3-chameleon-123,user-3,chameleon
user-1-linpack-124,user-1,linpack
user-2-matmul-125,user-2,matmul
user-1-chameleon-126,user-1,chameleon
user-3-pyaes-127,user-3,pyaes
user-0-matmul-128,user-0,matmul
user-4-imageprocessing-129,user-4,imageprocessing
user-2-chameleon-130,user-2,chameleon
user-2-jsondumpsloads-131,user-2,jsondumpsloads
user-2-chameleon-132,user-2,chameleon
user-0-linpack-133,user-0,linpack
user-3-floatoperation-134,user-3,floatoperation
user-4-pyaes-135,user-4,pyaes
user-2-matmul-136,user-2,matmul
user-2-imageprocessing-137,user-2,imageprocessing
user-4-jsondumpsloads-138,user-4,jsondumpsloads
user-3-imageprocessing-139,user-3,imageprocessing
user-4-matmul-140,user-4,matmul
user-4-chameleon-141,user-4,chameleon
user-2-linpack-142,user-2,linpack
user-4-pyaes-143,user-4,pyaes
user-3-startup-144,user-3,startup
user-4-startup-145,user-4,startup
user-0-matmul-146,user-0,matmul
user-4-pyaes-147,user-4,pyaes
user-1-matmul-148,user-1,matmul
user-1-jsondumpsloads-149,user-1,jsondumpsloads
user-0-linpack-150,user-0,linpack
user-4-floatoperation-151,user-4,floatoperation
user-3-linpack-152,user-3,linpack
user-3-imageprocessing-153,user-3,imageprocessing
user-1-chameleon-154,user-1,chameleon
user-3-linpack-155,user-3,linpack
user-4-startup-156,user-4,startup
user-4-linpack-157,user-4,linpack
user-3-jsondumpsloads-158,user-3,jsondumpsloads
user-4-pyaes-159,user-4,pyaes
user-4-imageprocessing-160,user-4,imageprocessing
user-3-jsondumpsloads-161,user-3,jsondumpsloads
user-3-matmul-162,user-3,matmul
user-2-startup-163,user-2,startup
user-2-startup-164,user-2,startup
user-2-linpack-165,user-2,linpack
user-2-pyaes-166,user-2,pyaes
user-0-jsondumpsloads-167,user-0,jsondumpsloads
user-1-imageprocessing-168,user-1,imageprocessing
user-1-floatoperation-169,user-1,floatoperation
user-3-pyaes-170,user-3,pyaes
user-3-imageprocessing-171,user-3,imageprocessing
user-1-imageprocessing-172,user-1,imageprocessing
user-4-chameleon-173,user-4,chameleon
user-3-startup-174,user-3,startup
user-2-matmul-175,user-2,matmul
user-3-linpack-176,user-3,linpack
user-1-matmul-177,user-1,matmul
user-3-chameleon-178,user-3,chameleon
user-2-imageprocessing-179,user-2,imageprocessing
user-3-jsondumpsloads-180,user-3,jsondumpsloads
user-0-imageprocessing-181,user-0,imageprocessing
user-4-chameleon-182,user-4,chameleon
user-3-jsondumpsloads-183,user-3,jsondumpsloads
user-1-chameleon-184,user-1,chameleon
user-3-pyaes-185,user-3,pyaes
user-3-pyaes-186,user-3,pyaes
user-3-matmul-187,user-3,matmul
user-2-floatoperation-188,user-2,floatoperation
user-0-chameleon-189,user-0,chameleon
user-1-floatoperation-190,user-1,floatoperation
user-0-linpack-191,user-0,linpack
user-0-jsondumpsloads-192,user-0,jsondumpsloads
user-1-startup-193,user-1,startup
user-4-linpack-194,user-4,linpack
user-2-pyaes-195,user-2,pyaes
user-4-floatoperation-196,user-4,floatoperation
user-2-floatoperation-197,user-2,floatoperation
user-0-matmul-198,user-0,matmul
user-3-imageprocessing-199,user-3,imageprocessing
user-0-linpack-200,user-0,linpack
user-2-floatoperation-201,user-2,floatoperation
user-0-pyaes-202,user-0,pyaes
user-3-pyaes-203,user-3,pyaes
user-4-pyaes-204,user-4,pyaes
user-3-startup-205,user-3,startup
user-3-pyaes-206,user-3,pyaes
user-1-imageprocessing-207,user-1,imageprocessing
user-4-matmul-208,user-4,matmul
user-3-startup-209,user-3,startup
user-4-matmul-210,user-4,matmul
user-1-floatoperation-211,user-1,floatoperation
user-3-linpack-212,user-3,linpack
user-4-imageprocessing-213,user-4,imageprocessing
user-0-startup-214,user-0,startup
user-1-startup-215,user-1,startup
user-2-matmul-216,user-2,matmul
user-2-matmul-217,user-2,matmul
user-0-linpack-218,user-0,linpack
user-1-imageprocessing-219,user-1,imageprocessing
user-4-linpack-220,user-4,linpack
user-3-startup-221,user-3,startup
user-0-matmul-222,user-0,matmul
user-3-linpack-223,user-3,linpack
user-4-pyaes-224,user-4,pyaes
user-4-pyaes-225,user-4,pyaes
user-4-pyaes-226,user-4,pyaes
user-3-matmul-227,user-3,matmul
user-2-linpack-228,user-2,linpack
user-1-pyaes-229,user-1,pyaes
user-4-jsondumpsloads-230,user-4,jsondumpsloads
user-1-startup-231,user-1,startup
user-4-matmul-232,user-4,matmul
user-1-matmul-233,user-1,matmul
user-2-jsondumpsloads-234,user-2,jsondumpsloads
user-0-jsondumpsloads-235,user-0,jsondumpsloads
user-0-chameleon-236,user-0,chameleon
user-2-jsondumpsloads-237,user-2,jsondumpsloads
user-0-chameleon-238,user-0,chameleon
user-0-imageprocessing-239,user-0,imageprocessing
user-0-chameleon-240,user-0,chameleon
user-1-matmul-241,user-1,matmul
user-1-floatoperation-242,user-1,floatoperation
user-3-linpack-243,user-3,linpack
user-3-startup-244,user-3,startup
user-2-imageprocessing-245,user-2,imageprocessing
user-4-chameleon-246,user-4,chameleon
user-0-linpack-247,user-0,linpack
user-2-floatoperation-248,user-2,floatoperation
user-1-jsondumpsloads-249,user-1,jsondumpsloads
user-0-jsondumpsloads-250,user-0,jsondumpsloads
user-3-startup-251,user-3,startup
user-3-matmul-252,user-3,matmul
user-1-matmul-253,user-1,matmul
user-3-floatoperation-254,user-3,floatoperation
user-2-linpack-255,user-2,linpack
user-0-linpack-256,user-0,linpack
user-2-jsondumpsloads-257,user-2,jsondumpsloads
user-0-jsondumpsloads-258,user-0,jsondumpsloads
user-4-matmul-259,user-4,matmul
user-0-startup-260,user-0,startup
user-3-matmul-261,user-3,matmul
user-4-startup-262,user-4,startup
user-0-chameleon-263,user-0,chameleon
user-2-matmul-264,user-2,matmul
user-0-linpack-265,user-0,linpack
user-4-chameleon-266,user-4,chameleon
user-4-chameleon-267,user-4,chameleon
user-3-startup-268,user-3,startup
user-1-imageprocessing-269,user-1,imageprocessing
user-0-startup-270,user-0,startup
user-3-pyaes-271,user-3,pyaes
user-0-jsondumpsloads-272,user-0,jsondumpsloads
user-3-startup-273,user-3,startup
user-3-chameleon-274,user-3,chameleon
user-0-pyaes-275,user-0,pyaes
user-2-floatoperation-276,user-2,floatoperation
user-4-chameleon-277,user-4,chameleon
user-3-imageprocessing-278,user-3,imageprocessing
user-1-pyaes-279,user-1,pyaes
user-3-chameleon-280,user-3,chameleon
user-2-jsondumpsloads-281,user-2,jsondumpsloads
user-3-startup-282,user-3,startup
user-0-linpack-283,user-0,linpack
user-2-chameleon-284,user-2,chameleon
user-3-floatoperation-285,user-3,floatoperation
user-0-startup-286,user-0,startup
user-1-startup-287,user-1,startup
user-4-matmul-288,user-4,matmul
user-3-startup-289,user-3,startup
user-3-jsondumpsloads-290,user-3,jsondumpsloads
user-1-jsondumpsloads-291,user-1,jsondumpsloads
user-2-imageprocessing-292,user-2,imageprocessing
user-4-matmul-293,user-4,matmul
user-2-matmul-294,user-2,matmul
user-4-startup-295,user-4,startup
user-3-startup-296,user-3,startup
user-2-imageprocessing-297,user-2,imageprocessing
user-2-linpack-298,user-2,linpack
user-4-imageprocessing-299,user-4,imageprocessing
user-3-chameleon-300,user-3,chameleon
user-3-imageprocessing-301,user-3,imageprocessing
user-1-startup-302,user-1,startup
user-1-pyaes-303,user-1,pyaes
user-3-floatoperation-304,user-3,floatoperation
user-3-chameleon-305,user-3,chameleon
user-3-jsondumpsloads-306,user-3,jsondumpsloads
user-3-matmul-307,user-3,matmul
user-4-imageprocessing-308,user-4,imageprocessing
user-2-imageprocessing-309,user-2,imageprocessing
user-3-chameleon-310,user-3,chameleon
user-1-matmul-311,user-1,matmul
user-0-imageprocessing-312,user-0,imageprocessing
user-0-startup-313,user-0,startup
user-2-chameleon-314,user-2,chameleon
user-2-chameleon-315,user-2,chameleon
user-2-pyaes-316,user-2,pyaes
user-1-linpack-317,user-1,linpack
user-3-jsondumpsloads-318,user-3,jsondumpsloads
user-1-floatoperation-319,user-1,floatoperation
user-3-linpack-320,user-3,linpack
user-4-jsondumpsloads-321,user-4,jsondumpsloads
user-3-matmul-322,user-3,matmul
user-2-chameleon-323,user-2,chameleon
user-2-jsondumpsloads-324,user-2,jsondumpsloads
user-3-pyaes-325,user-3,pyaes
user-2-imageprocessing-326,user-2,imageprocessing
user-3-matmul-327,user-3,matmul
user-3-startup-328,user-3,startup
user-1-imageprocessing-329,user-1,imageprocessing
user-2-matmul-330,user-2,matmul
user-0-imageprocessing-331,user-0,imageprocessing
user-0-chameleon-332,user-0,chameleon
user-3-matmul-333,user-3,matmul
user-4-pyaes-334,user-4,pyaes
user-1-matmul-335,user-1,matmul
user-0-chameleon-336,user-0,chameleon
user-3-chameleon-337,user-3,chameleon
user-2-jsondumpsloads-338,user-2,jsondumpsloads
user-2-pyaes-339,user-2,pyaes
user-1-linpack-340,user-1,linpack
user-4-pyaes-341,user-4,pyaes
user-4-matmul-342,user-4,matmul
user-2-startup-343,user-2,startup
user-2-floatoperation-344,user-2,floatoperation
user-0-jsondumpsloads-345,user-0,jsondumpsloads
user-3-pyaes-346,user-3,pyaes
user-3-chameleon-347,user-3,chameleon
user-4-floatoperation-348,user-4,floatoperation
user-2-matmul-349,user-2,matmul
user-3-pyaes-350,user-3,pyaes
user-1-startup-351,user-1,startup
user-4-pyaes-352,user-4,pyaes
user-1-floatoperation-353,user-1,floatoperation
user-2-imageprocessing-354,user-2,imageprocessing
user-1-chameleon-355,user-1,chameleon
user-2-startup-356,user-2,startup
user-0-linpack-357,user-0,linpack
user-1-imageprocessing-358,user-1,imageprocessing
user-2-imageprocessing-359,user-2,imageprocessing
user-1-imageprocessing-360,user-1,imageprocessing
user-3-imageprocessing-361,user-3,imageprocessing
user-0-pyaes-362,user-0,pyaes
user-3-startup-363,user-3,startup
user-2-floatoperation-364,user-2,floatoperation
user-4-pyaes-365,user-4,pyaes
user-3-matmul-366,user-3,matmul
user-0-startup-367,user-0,startup
user-1-chameleon-368,user-1,chameleon
user-2-linpack-369,user-2,linpack
user-4-linpack-370,user-4,linpack
user-4-linpack-371,user-4,linpack
user-1-linpack-372,user-1,linpack
user-1-chameleon-373,user-1,chameleon
user-1-jsondumpsloads-374,user-1,jsondumpsloads
user-2-jsondumpsloads-375,user-2,jsondumpsloads
user-0-jsondumpsloads-376,user-0,jsondumpsloads
user-2-linpack-377,user-2,linpack
user-2-chameleon-378,user-2,chameleon
user-2-chameleon-379,user-2,chameleon
user-3-floatoperation-380,user-3,floatoperation
user-3-startup-381,user-3,startup
user-4-floatoperation-382,user-4,floatoperation
user-4-linpack-383,user-4,linpack
user-4-matmul-384,user-4,matmul
user-0-chameleon-385,user-0,chameleon
user-3-imageprocessing-386,user-3,imageprocessing
user-3-startup-387,user-3,startup
user-0-pyaes-388,user-0,pyaes
user-1-floatoperation-389,user-1,floatoperation
user-2-pyaes-390,user-2,pyaes
user-4-matmul-391,user-4,matmul
user-4-imageprocessing-392,user-4,imageprocessing
user-0-linpack-393,user-0,linpack
user-3-linpack-394,user-3,linpack
user-2-startup-395,user-2,startup
user-3-floatoperation-396,user-3,floatoperation
user-3-pyaes-397,user-3,pyaes
user-2-jsondumpsloads-398,user-2,jsondumpsloads
user-0-floatoperation-399,user-0,floatoperation
user-0-imageprocessing-400,user-0,imageprocessing
user-2-jsondumpsloads-401,user-2,jsondumpsloads
user-0-pyaes-402,user-0,pyaes
user-3-pyaes-403,user-3,pyaes
user-0-matmul-404,user-0,matmul
user-2-pyaes-405,user-2,pyaes
user-4-linpack-406,user-4,linpack
user-4-chameleon-407,user-4,chameleon
user-2-chameleon-408,user-2,chameleon
user-2-matmul-409,user-2,matmul
user-2-chameleon-410,user-2,chameleon
user-1-imageprocessing-411,user-1,imageprocessing
user-1-chameleon-412,user-1,chameleon
user-4-linpack-413,user-4,linpack
user-3-startup-414,user-3,startup
user-1-pyaes-415,user-1,pyaes
user-2-floatoperation-416,user-2,floatoperation
user-1-jsondumpsloads-417,user-1,jsondumpsloads
user-0-matmul-418,user-0,matmul
user-3-startup-419,user-3,startup
user-3-imageprocessing-420,user-3,imageprocessing
user-1-floatoperation-421,user-1,floatoperation
user-3-floatoperation-422,user-3,floatoperation
user-4-startup-423,user-4,startup
user-2-chameleon-424,user-2,chameleon
user-3-chameleon-425,user-3,chameleon
user-1-matmul-426,user-1,matmul
user-1-matmul-427,user-1,matmul
user-2-floatoperation-428,user-2,floatoperation
user-3-imageprocessing-429,user-3,imageprocessing
user-1-imageprocessing-430,user-1,imageprocessing
user-1-pyaes-431,user-1,pyaes
user-3-chameleon-432,user-3,chameleon
user-0-startup-433,user-0,startup
user-2-imageprocessing-434,user-2,imageprocessing
user-3-imageprocessing-435,user-3,imageprocessing
user-0-imageprocessing-436,user-0,imageprocessing
user-2-jsondumpsloads-437,user-2,jsondumpsloads
user-2-floatoperation-438,user-2,floatoperation
user-0-linpack-439,user-0,linpack
user-4-imageprocessing-440,user-4,imageprocessing
user-0-imageprocessing-441,user-0,imageprocessing
user-2-linpack-442,user-2,linpack
user-1-floatoperation-443,user-1,floatoperation
user-0-linpack-444,user-0,linpack
user-2-jsondumpsloads-445,user-2,jsondumpsloads
user-0-jsondumpsloads-446,user-0,jsondumpsloads
user-1-jsondumpsloads-447,user-1,jsondumpsloads
user-1-floatoperation-448,user-1,floatoperation
user-3-startup-449,user-3,startup
user-4-startup-450,user-4,startup
user-4-pyaes-451,user-4,pyaes
user-1-startup-452,user-1,startup
user-3-startup-453,user-3,startup
user-2-chameleon-454,user-2,chameleon
user-4-floatoperation-455,user-4,floatoperation
user-3-startup-456,user-3,startup
user-0-pyaes-457,user-0,pyaes
user-0-floatoperation-458,user-0,floatoperation
user-4-imageprocessing-459,user-4,imageprocessing
user-4-chameleon-460,user-4,chameleon
user-4-linpack-461,user-4,linpack
user-4-startup-462,user-4,startup
user-1-chameleon-463,user-1,chameleon
user-0-pyaes-464,user-0,pyaes
user-4-jsondumpsloads-465,user-4,jsondumpsloads
user-1-startup-466,user-1,startup
user-4-jsondumpsloads-467,user-4,jsondumpsloads
user-2-matmul-468,user-2,matmul
user-3-pyaes-469,user-3,pyaes
user-0-pyaes-470,user-0,pyaes
user-2-floatoperation-471,user-2,floatoperation
user-3-matmul-472,user-3,matmul
user-4-jsondumpsloads-473,user-4,jsondumpsloads
user-0-jsondumpsloads-474,user-0,jsondumpsloads
user-2-imageprocessing-475,user-2,imageprocessing
user-4-floatoperation-476,user-4,floatoperation
user-4-imageprocessing-477,user-4,imageprocessing
user-1-floatoperation-478,user-1,floatoperation
user-4-pyaes-479,user-4,pyaes
user-2-matmul-480,user-2,matmul
user-1-pyaes-481,user-1,pyaes
user-1-linpack-482,user-1,linpack
user-1-floatoperation-483,user-1,floatoperation
user-0-chameleon-484,user-0,chameleon
user-4-jsondumpsloads-485,user-4,jsondumpsloads
user-3-jsondumpsloads-486,user-3,jsondumpsloads
user-1-jsondumpsloads-487,user-1,jsondumpsloads
user-0-imageprocessing-488,user-0,imageprocessing
user-1-startup-489,user-1,startup
user-3-linpack-490,user-3,linpack
user-1-matmul-491,user-1,matmul
user-1-pyaes-492,user-1,pyaes
user-3-startup-493,user-3,startup
user-3-imageprocessing-494,user-3,imageprocessing
user-1-jsondumpsloads-495,user-1,jsondumpsloads
user-0-startup-496,user-0,startup
user-4-floatoperation-497,user-4,floatoperation
user-0-matmul-498,user-0,matmul
user-1-matmul-499,user-1,matmul
